terminal_id,vend_code,provider,bound_from,bound_until,remarks
23005588,2473,nets,2025-03-04,2026-08-04,
23005589,2815,nets,2025-04-28,,
23005590,4602,nets,2026-08-05,,
23005591,2326,nets,2024-09-22,,
23005592,2820,nets,2026-06-24,,
23005593,4607,nets,2026-08-05,,
23005594,2117,nets,2026-08-13,,
23005595,2393,nets,2024-12-16,,
23005596,2294,nets,2025-03-07,,
23005597,4610,nets,2026-01-23,,
23012473,4713,nets,2025-09-12,,
23012474,2662,nets,2026-01-13,,
23012475,4601,nets,2026-07-22,,
23012476,2747,nets,2025-05-14,,
23012477,2702,nets,2025-05-30,,
23012478,2841,nets,2026-01-11,,
23012479,4721,nets,2025-11-12,,
23012480,2800,nets,2024-12-06,,23012480-Ezlink(25670003)
23012481,2858,nets,2025-02-03,,23012481-Ezlink(25670004)
23012482,2859,nets,2025-04-05,,23012482-Ezlink(25670005)
23077326,2097,nets,2026-07-26,,23077326-EZLink(25670006)
23077327,2873,nets,2026-08-12,,23077327-EZLink(25670007)
23077328,2629,nets,2025-08-15,,23077328-EZLink(25670008)
23077329,2627,nets,2025-08-01,,23077329-EZLink(25670009)
23077330,2716,nets,2026-01-02,,23077330-EZLink(25670010)
23082801,5073,nets,2025-09-23,,
23082802,2401,nets,2025-12-03,,
23082803,2863,nets,2026-05-09,,
23082804,2539,nets,2025-09-29,,
23082805,2794,nets,2025-09-29,,
23082806,2795,nets,2025-10-15,,
23082807,2489,nets,2025-12-01,,
23082808,2860,nets,2026-03-14,,
23082809,2091,nets,2026-01-13,,
23082810,4619,nets,2026-07-19,,
23082811,2742,nets,2025-09-26,,
23082812,2787,nets,2025-09-26,,
23082813,2644,nets,2025-10-05,,
23082814,2839,nets,2026-01-15,,
23082815,2748,nets,2025-10-05,,
23082816,2527,nets,2025-09-27,,
23082817,2831,nets,2025-10-23,,
23082818,2299,nets,2025-09-30,,
23082819,2824,nets,2026-02-27,,
23082820,2659,nets,2025-10-02,,
23082821,2744,nets,2025-10-05,,
23082822,2682,nets,2025-10-04,,
23082823,2657,nets,2026-04-15,,
23082824,2542,nets,2025-10-05,,
23082825,2564,nets,2025-10-05,,
23082826,2300,nets,2025-10-04,,
23082827,2723,nets,2026-07-30,,
23082828,2757,nets,2026-04-07,,
23082829,2790,nets,2025-11-06,,
23082830,2687,nets,2025-11-05,,
23100684,2718,nets,2026-06-27,,
23100685,4408,nets,2026-02-11,,
23100686,2612,nets,2026-02-11,,
23100687,2476,nets,2026-02-15,,
23100688,2658,nets,2026-02-12,,
23100689,2241,nets,2026-02-11,,
23100690,4247,nets,2026-02-12,,
23100691,2367,nets,2026-02-14,,
23100692,4605,nets,2026-07-30,,
23100693,2269,nets,2026-02-12,,
23100694,2873,nets,2026-02-14,2026-08-12,
23100694,2620,nets,2026-08-12,,
23100695,2561,nets,2026-02-14,,
23100696,2775,nets,2026-02-14,,
23100697,2704,nets,2026-06-16,,
23100698,2701,nets,2026-02-10,,
23100699,4606,nets,2026-07-30,,
23100700,2596,nets,2026-06-02,,
23100701,2556,nets,2026-02-10,,
23100702,2436,nets,2026-02-10,,
23100703,2605,nets,2026-02-12,2026-08-05,
23100704,2179,nets,2026-02-11,,
23100705,4419,nets,2026-02-10,,
23100706,2749,nets,2026-02-10,,
23100707,2177,nets,2026-06-28,,
23100708,2116,nets,2026-02-11,,
23100709,2361,nets,2026-02-19,,
23100710,2461,nets,2026-07-01,,
23100711,2129,nets,2026-02-15,2026-08-09,
23100711,2363,nets,2026-08-12,,
23100712,2475,nets,2026-02-15,,
23100713,2130,nets,2026-02-15,,
23100714,2199,nets,2026-02-19,,
23100715,2663,nets,2026-07-20,,
23100716,2363,nets,2026-02-15,2026-08-12,
23100716,2753,nets,2026-08-16,,
23100717,2518,nets,2026-02-19,2026-08-15,
23100718,2822,nets,2026-06-23,,
23100719,2443,nets,2026-02-15,,
23100720,2240,nets,2026-02-15,,
23100721,2573,nets,2026-02-15,,
23100722,2517,nets,2026-02-15,,
23100723,2322,nets,2026-02-12,,
23100724,4411,nets,2026-02-12,,
23100725,2113,nets,2026-02-15,,
23100726,2798,nets,2026-02-13,,
23100727,2501,nets,2026-06-28,,
23100728,2828,nets,2026-02-12,,
23100729,2714,nets,2026-02-14,,
23100730,2385,nets,2026-02-14,,
23100731,2356,nets,2026-02-15,,
23100732,4177,nets,2026-03-31,,
23100733,2802,nets,2026-02-13,,
23102904,2306,nets,2026-03-31,,
23102905,2099,nets,2026-03-28,,
23102906,2286,nets,2026-03-28,,
23102907,2854,nets,2026-08-11,,
23102908,2872,nets,2026-03-28,,
23102909,2499,nets,2026-03-28,,
23102910,2613,nets,2026-03-28,,
23102911,2638,nets,2026-03-28,,
23102912,2502,nets,2026-07-16,,
23102913,2818,nets,2026-03-30,,
23102914,2759,nets,2026-03-28,,
23102915,2793,nets,2026-03-29,,
23102916,4609,nets,2026-03-29,,
23102917,2321,nets,2026-03-28,,
23102918,2402,nets,2026-06-08,,
23102919,2474,nets,2026-03-28,,
23102920,2752,nets,2026-03-30,,
23102921,2176,nets,2026-06-30,,
23102922,4416,nets,2026-03-30,,
23102923,2061,nets,2026-03-29,,
23102924,4603,nets,2026-03-27,,
23102925,2733,nets,2026-03-28,,
23102926,2399,nets,2026-03-29,,
23102927,2100,nets,2026-03-30,,
23102928,2150,nets,2026-03-26,,
23102929,2674,nets,2026-06-09,,
23102930,2864,nets,2026-04-02,,
23102931,4707,nets,2026-05-12,,
23102932,6016,nets,2026-03-26,,
23102933,2351,nets,2026-03-28,,
23102934,2717,nets,2026-03-28,,
23102935,2665,nets,2026-03-28,,
23102936,2212,nets,2026-03-27,,
23102937,2756,nets,2026-03-27,,
23102938,2621,nets,2026-03-27,,
23102939,2732,nets,2026-03-30,,
23102940,6011,nets,2026-03-26,,
23102941,4613,nets,2026-03-26,,
23102942,6009,nets,2026-03-26,,
23102943,6006,nets,2026-03-26,,
23102944,2651,nets,2026-03-26,,
23102945,4604,nets,2026-03-26,,
23102946,6013,nets,2026-03-26,,
23102947,2762,nets,2026-03-26,,
23102948,2052,nets,2026-03-27,,
23102949,2862,nets,2026-03-27,,
23102950,6008,nets,2026-03-26,,
23102951,2290,nets,2026-04-28,,
23102952,4183,nets,2026-04-02,,
23102953,2868,nets,2026-04-14,,
23102954,2867,nets,2026-04-02,,
23102955,2289,nets,2026-03-25,,
23102956,2403,nets,2026-03-25,,
23102957,2519,nets,2026-06-08,,
23102958,6014,nets,2026-03-26,,
23104043,2457,nets,2026-04-27,,
23104044,2849,nets,2026-04-27,,
23104045,4417,nets,2026-04-30,,
23104046,2298,nets,2026-04-27,,
23104047,2637,nets,2026-04-27,,
23104048,2655,nets,2026-04-29,,
23104049,2821,nets,2026-07-31,,
23104050,2837,nets,2026-04-27,,
23104051,4621,nets,2026-04-28,,
23104052,4608,nets,2026-04-27,,
23104053,2128,nets,2026-04-30,,
23104054,2063,nets,2026-04-29,,
23104055,2468,nets,2026-04-29,,
23104056,2526,nets,2026-04-29,,
23104057,2288,nets,2026-04-29,,
23104058,2693,nets,2026-04-29,,
23104059,2737,nets,2026-05-01,,
23104060,2348,nets,2026-04-30,,
23104061,2376,nets,2026-04-29,,
23104062,2081,nets,2026-04-29,,
23104063,2496,nets,2026-04-29,,
23104064,2280,nets,2026-04-29,,
23104065,2427,nets,2026-04-29,,
23104066,2282,nets,2026-04-29,,
23104067,2212,nets,2026-05-09,,
23104068,4536,nets,2026-06-02,,
23104069,2338,nets,2026-04-29,,
23104070,2786,nets,2026-07-01,,
23104071,2260,nets,2026-04-29,,
23104072,2365,nets,2026-04-30,,
23104073,2218,nets,2026-04-29,,
23104074,2582,nets,2026-04-29,,
23104075,2303,nets,2026-04-27,,
23104076,4611,nets,2026-06-19,,
23104077,2799,nets,2026-04-27,,
23104078,2603,nets,2026-04-30,,
23104079,4418,nets,2026-04-29,,
23104080,2525,nets,2026-04-27,,
23104081,2555,nets,2026-04-27,,
23104082,2673,nets,2026-04-28,,
23104083,2866,nets,2026-07-21,,
23104084,2105,nets,2026-05-14,,
23104085,2431,nets,2026-05-15,,
23104086,2809,nets,2026-05-15,,
23104087,2803,nets,2026-05-23,,
23104088,2850,nets,2026-05-13,,
23104089,2580,nets,2026-05-23,,
23104090,2101,nets,2026-05-15,,
23104091,2760,nets,2026-05-20,,
23104092,2483,nets,2026-05-14,,
23104093,4412,nets,2026-06-04,,
23104094,2840,nets,2026-05-13,,
23104095,2761,nets,2026-05-13,,
23104096,2616,nets,2026-05-13,,
23104097,2835,nets,2026-05-17,,
23104098,4723,nets,2026-05-17,,
23104099,2378,nets,2026-05-17,,
23104100,2242,nets,2026-05-16,,
23104101,2331,nets,2026-05-18,,
23104102,2245,nets,2026-05-19,,
23104103,2342,nets,2026-05-18,,
23104104,4727,nets,2026-05-16,,
23104105,2739,nets,2026-05-16,,
23104106,2568,nets,2026-05-18,,
23104107,2827,nets,2026-05-18,,
23104108,2688,nets,2026-05-18,,
23104109,2067,nets,2026-05-18,,
23104110,2046,nets,2026-05-20,,
23104111,2359,nets,2026-05-22,,
23104112,2442,nets,2026-05-23,,
23104113,4711,nets,2026-05-24,,
23104114,2753,nets,2026-05-24,2026-08-16,
23104115,2480,nets,2026-05-21,,
23104116,2865,nets,2026-07-21,,
23104117,2446,nets,2026-05-25,,
23104118,2763,nets,2026-05-22,,
23104119,2291,nets,2026-05-22,,
23104120,2311,nets,2026-05-19,,
23104121,2268,nets,2026-05-18,,
23104122,2370,nets,2026-05-18,,
23107340,2769,nets,2026-05-22,,
23107341,2807,nets,2026-05-22,,
23107342,2249,nets,2026-05-22,,
23107343,2387,nets,2026-05-22,,
23107344,2826,nets,2026-05-22,,
23107345,2634,nets,2026-05-27,,
23107346,2854,nets,2026-05-23,2026-08-11,
23107347,2830,nets,2026-05-23,,
23107348,4620,nets,2026-05-23,,
23107349,2060,nets,2026-05-23,,
23107350,2075,nets,2026-05-23,,
23107351,2572,nets,2026-05-23,,
23107352,2871,nets,2026-05-23,,
23107353,2772,nets,2026-05-24,,
23107354,4618,nets,2026-05-24,,
23107355,2731,nets,2026-05-28,,
23107356,2094,nets,2026-05-27,,
23107357,2685,nets,2026-05-24,,
23107358,2320,nets,2026-05-27,,
23107359,2516,nets,2026-05-27,,
23107360,2645,nets,2026-05-28,,
23107361,2805,nets,2026-05-26,,
23107362,2654,nets,2026-05-25,,
23107363,2439,nets,2026-05-27,,
23107364,4746,nets,2026-05-28,,
23107365,2724,nets,2026-05-24,,
23107366,2741,nets,2026-05-26,,
23107367,2190,nets,2026-05-25,,
23107368,2601,nets,2026-05-24,,
23107369,2509,nets,2026-05-24,,
23108450,2581,nets,2026-06-17,,
23108451,1184,nets,2026-06-28,,
23108452,2624,nets,2026-06-28,,
23108453,2870,nets,2026-06-28,,
23108454,2337,nets,2026-06-15,,
23108455,2129,nets,2026-08-09,,
23108456,4420,nets,2026-06-19,,
23108457,2283,nets,2026-06-17,,
23108458,2698,nets,2026-06-24,,
23108459,2789,nets,2026-06-19,,
23108460,2785,nets,2026-06-17,,
23108461,2324,nets,2026-06-21,,
23108462,2869,nets,2026-07-04,,
23108463,2567,nets,2026-06-28,,
23108464,2191,nets,2026-07-10,,
23108465,2134,nets,2026-06-18,,
23108466,2462,nets,2026-06-11,,
23108467,1149,nets,2026-06-15,,
23108468,2725,nets,2026-06-11,,
23108469,2418,nets,2026-06-15,,
23108470,2712,nets,2026-06-13,,
23108471,2819,nets,2026-06-11,,
23108472,2379,nets,2026-06-11,,
23108473,2352,nets,2026-06-15,,
23108474,2014,nets,2026-06-11,,
23108475,2710,nets,2026-06-17,,
23108476,2625,nets,2026-06-11,,
23108477,2600,nets,2026-06-17,,
90602201,2102,nets,2024-11-21,,
90602202,2764,nets,2025-06-03,,
90602203,2137,nets,2026-06-26,,
90602205,2388,nets,2024-12-17,,
90602206,4715,nets,2025-09-15,,
90602207,2558,nets,2026-03-19,,
90602208,2434,nets,2025-04-03,,
90602209,2622,nets,2025-02-26,,
90602210,2857,nets,2025-03-19,,
92023001,2722,nets,2024-11-22,,92023001-Ezlink(25670001)
92023002,2856,nets,2025-01-06,,92023002-Ezlink(25670002)
